Item_Name,Location,Day_of_Week,Count
Item_1,Location_A,Monday,99
Item_1,Location_A,Tuesday,74
Item_1,Location_A,Wednesday,73
Item_1,Location_A,Thursday,79
Item_1,Location_A,Friday,91
Item_1,Location_A,Saturday,46
Item_1,Location_A,Sunday,93
Item_1,Location_B,Monday,13
Item_1,Location_B,Tuesday,0
Item_1,Location_B,Wednesday,46
Item_1,Location_B,Thursday,92
Item_1,Location_B,Friday,14
Item_1,Location_B,Saturday,70
Item_1,Location_B,Sunday,85
Item_1,Location_C,Monday,83
Item_1,Location_C,Tuesday,44
Item_1,Location_C,Wednesday,16
Item_1,Location_C,Thursday,26
Item_1,Location_C,Friday,74
Item_1,Location_C,Saturday,83
Item_1,Location_C,Sunday,60
Item_1,Location_D,Monday,39
Item_1,Location_D,Tuesday,87
Item_1,Location_D,Wednesday,10
Item_1,Location_D,Thursday,51
Item_1,Location_D,Friday,72
Item_1,Location_D,Saturday,34
Item_1,Location_D,Sunday,57
Item_2,Location_A,Monday,99
Item_2,Location_A,Tuesday,80
Item_2,Location_A,Wednesday,86
Item_2,Location_A,Thursday,72
Item_2,Location_A,Friday,24
Item_2,Location_A,Saturday,61
Item_2,Location_A,Sunday,24
Item_2,Location_B,Monday,62
Item_2,Location_B,Tuesday,28
Item_2,Location_B,Wednesday,27
Item_2,Location_B,Thursday,69
Item_2,Location_B,Friday,13
Item_2,Location_B,Saturday,17
Item_2,Location_B,Sunday,20
Item_2,Location_C,Monday,10
Item_2,Location_C,Tuesday,41
Item_2,Location_C,Wednesday,52
Item_2,Location_C,Thursday,20
Item_2,Location_C,Friday,84
Item_2,Location_C,Saturday,23
Item_2,Location_C,Sunday,16
Item_2,Location_D,Monday,77
Item_2,Location_D,Tuesday,69
Item_2,Location_D,Wednesday,69
Item_2,Location_D,Thursday,98
Item_2,Location_D,Friday,32
Item_2,Location_D,Saturday,31
Item_2,Location_D,Sunday,3
Item_3,Location_A,Monday,58
Item_3,Location_A,Tuesday,37
Item_3,Location_A,Wednesday,50
Item_3,Location_A,Thursday,59
Item_3,Location_A,Friday,82
Item_3,Location_A,Saturday,94
Item_3,Location_A,Sunday,69
Item_3,Location_B,Monday,28
Item_3,Location_B,Tuesday,76
Item_3,Location_B,Wednesday,44
Item_3,Location_B,Thursday,43
Item_3,Location_B,Friday,20
Item_3,Location_B,Saturday,2
Item_3,Location_B,Sunday,67
Item_3,Location_C,Monday,88
Item_3,Location_C,Tuesday,31
Item_3,Location_C,Wednesday,56
Item_3,Location_C,Thursday,61
Item_3,Location_C,Friday,56
Item_3,Location_C,Saturday,4
Item_3,Location_C,Sunday,55
Item_3,Location_D,Monday,7
Item_3,Location_D,Tuesday,14
Item_3,Location_D,Wednesday,87
Item_3,Location_D,Thursday,74
Item_3,Location_D,Friday,81
Item_3,Location_D,Saturday,56
Item_3,Location_D,Sunday,78
Item_4,Location_A,Monday,13
Item_4,Location_A,Tuesday,93
Item_4,Location_A,Wednesday,12
Item_4,Location_A,Thursday,91
Item_4,Location_A,Friday,86
Item_4,Location_A,Saturday,52
Item_4,Location_A,Sunday,25
Item_4,Location_B,Monday,49
Item_4,Location_B,Tuesday,42
Item_4,Location_B,Wednesday,14
Item_4,Location_B,Thursday,76
Item_4,Location_B,Friday,73
Item_4,Location_B,Saturday,86
Item_4,Location_B,Sunday,43
Item_4,Location_C,Monday,88
Item_4,Location_C,Tuesday,62
Item_4,Location_C,Wednesday,59
Item_4,Location_C,Thursday,91
Item_4,Location_C,Friday,4
Item_4,Location_C,Saturday,39
Item_4,Location_C,Sunday,8
Item_4,Location_D,Monday,13
Item_4,Location_D,Tuesday,3
Item_4,Location_D,Wednesday,91
Item_4,Location_D,Thursday,46
Item_4,Location_D,Friday,32
Item_4,Location_D,Saturday,86
Item_4,Location_D,Sunday,92
Item_5,Location_A,Monday,10
Item_5,Location_A,Tuesday,6
Item_5,Location_A,Wednesday,29
Item_5,Location_A,Thursday,8
Item_5,Location_A,Friday,73
Item_5,Location_A,Saturday,76
Item_5,Location_A,Sunday,35
Item_5,Location_B,Monday,14
Item_5,Location_B,Tuesday,8
Item_5,Location_B,Wednesday,89
Item_5,Location_B,Thursday,89
Item_5,Location_B,Friday,13
Item_5,Location_B,Saturday,39
Item_5,Location_B,Sunday,70
Item_5,Location_C,Monday,46
Item_5,Location_C,Tuesday,78
Item_5,Location_C,Wednesday,80
Item_5,Location_C,Thursday,91
Item_5,Location_C,Friday,24
Item_5,Location_C,Saturday,18
Item_5,Location_C,Sunday,39
Item_5,Location_D,Monday,74
Item_5,Location_D,Tuesday,84
Item_5,Location_D,Wednesday,79
Item_5,Location_D,Thursday,63
Item_5,Location_D,Friday,29
Item_5,Location_D,Saturday,75
Item_5,Location_D,Sunday,44
Item_6,Location_A,Monday,53
Item_6,Location_A,Tuesday,49
Item_6,Location_A,Wednesday,69
Item_6,Location_A,Thursday,66
Item_6,Location_A,Friday,51
Item_6,Location_A,Saturday,14
Item_6,Location_A,Sunday,46
Item_6,Location_B,Monday,5
Item_6,Location_B,Tuesday,81
Item_6,Location_B,Wednesday,59
Item_6,Location_B,Thursday,89
Item_6,Location_B,Friday,55
Item_6,Location_B,Saturday,47
Item_6,Location_B,Sunday,94
Item_6,Location_C,Monday,24
Item_6,Location_C,Tuesday,22
Item_6,Location_C,Wednesday,90
Item_6,Location_C,Thursday,79
Item_6,Location_C,Friday,55
Item_6,Location_C,Saturday,62
Item_6,Location_C,Sunday,5
Item_6,Location_D,Monday,19
Item_6,Location_D,Tuesday,27
Item_6,Location_D,Wednesday,97
Item_6,Location_D,Thursday,85
Item_6,Location_D,Friday,96
Item_6,Location_D,Saturday,17
Item_6,Location_D,Sunday,88
Item_7,Location_A,Monday,79
Item_7,Location_A,Tuesday,8
Item_7,Location_A,Wednesday,27
Item_7,Location_A,Thursday,7
Item_7,Location_A,Friday,42
Item_7,Location_A,Saturday,93
Item_7,Location_A,Sunday,47
Item_7,Location_B,Monday,78
Item_7,Location_B,Tuesday,97
Item_7,Location_B,Wednesday,84
Item_7,Location_B,Thursday,10
Item_7,Location_B,Friday,22
Item_7,Location_B,Saturday,9
Item_7,Location_B,Sunday,45
Item_7,Location_C,Monday,67
Item_7,Location_C,Tuesday,94
Item_7,Location_C,Wednesday,81
Item_7,Location_C,Thursday,50
Item_7,Location_C,Friday,31
Item_7,Location_C,Saturday,3
Item_7,Location_C,Sunday,94
Item_7,Location_D,Monday,87
Item_7,Location_D,Tuesday,50
Item_7,Location_D,Wednesday,88
Item_7,Location_D,Thursday,14
Item_7,Location_D,Friday,23
Item_7,Location_D,Saturday,26
Item_7,Location_D,Sunday,86
Item_8,Location_A,Monday,74
Item_8,Location_A,Tuesday,84
Item_8,Location_A,Wednesday,26
Item_8,Location_A,Thursday,53
Item_8,Location_A,Friday,82
Item_8,Location_A,Saturday,83
Item_8,Location_A,Sunday,34
Item_8,Location_B,Monday,58
Item_8,Location_B,Tuesday,72
Item_8,Location_B,Wednesday,94
Item_8,Location_B,Thursday,48
Item_8,Location_B,Friday,26
Item_8,Location_B,Saturday,31
Item_8,Location_B,Sunday,57
Item_8,Location_C,Monday,61
Item_8,Location_C,Tuesday,85
Item_8,Location_C,Wednesday,23
Item_8,Location_C,Thursday,27
Item_8,Location_C,Friday,52
Item_8,Location_C,Saturday,65
Item_8,Location_C,Sunday,69
Item_8,Location_D,Monday,47
Item_8,Location_D,Tuesday,97
Item_8,Location_D,Wednesday,53
Item_8,Location_D,Thursday,3
Item_8,Location_D,Friday,80
Item_8,Location_D,Saturday,30
Item_8,Location_D,Sunday,39
Item_9,Location_A,Monday,31
Item_9,Location_A,Tuesday,29
Item_9,Location_A,Wednesday,5
Item_9,Location_A,Thursday,97
Item_9,Location_A,Friday,81
Item_9,Location_A,Saturday,8
Item_9,Location_A,Sunday,89
Item_9,Location_B,Monday,88
Item_9,Location_B,Tuesday,29
Item_9,Location_B,Wednesday,89
Item_9,Location_B,Thursday,34
Item_9,Location_B,Friday,13
Item_9,Location_B,Saturday,55
Item_9,Location_B,Sunday,36
Item_9,Location_C,Monday,65
Item_9,Location_C,Tuesday,59
Item_9,Location_C,Wednesday,97
Item_9,Location_C,Thursday,79
Item_9,Location_C,Friday,83
Item_9,Location_C,Saturday,0
Item_9,Location_C,Sunday,69
Item_9,Location_D,Monday,55
Item_9,Location_D,Tuesday,7
Item_9,Location_D,Wednesday,69
Item_9,Location_D,Thursday,76
Item_9,Location_D,Friday,43
Item_9,Location_D,Saturday,18
Item_9,Location_D,Sunday,96
Item_10,Location_A,Monday,77
Item_10,Location_A,Tuesday,95
Item_10,Location_A,Wednesday,83
Item_10,Location_A,Thursday,9
Item_10,Location_A,Friday,39
Item_10,Location_A,Saturday,22
Item_10,Location_A,Sunday,82
Item_10,Location_B,Monday,75
Item_10,Location_B,Tuesday,99
Item_10,Location_B,Wednesday,16
Item_10,Location_B,Thursday,2
Item_10,Location_B,Friday,96
Item_10,Location_B,Saturday,27
Item_10,Location_B,Sunday,28
Item_10,Location_C,Monday,45
Item_10,Location_C,Tuesday,82
Item_10,Location_C,Wednesday,73
Item_10,Location_C,Thursday,27
Item_10,Location_C,Friday,35
Item_10,Location_C,Saturday,77
Item_10,Location_C,Sunday,26
Item_10,Location_D,Monday,9
Item_10,Location_D,Tuesday,0
Item_10,Location_D,Wednesday,19
Item_10,Location_D,Thursday,17
Item_10,Location_D,Friday,14
Item_10,Location_D,Saturday,29
Item_10,Location_D,Sunday,31
Item_11,Location_A,Monday,63
Item_11,Location_A,Tuesday,53
Item_11,Location_A,Wednesday,96
Item_11,Location_A,Thursday,16
Item_11,Location_A,Friday,69
Item_11,Location_A,Saturday,98
Item_11,Location_A,Sunday,93
Item_11,Location_B,Monday,87
Item_11,Location_B,Tuesday,58
Item_11,Location_B,Wednesday,66
Item_11,Location_B,Thursday,17
Item_11,Location_B,Friday,32
Item_11,Location_B,Saturday,56
Item_11,Location_B,Sunday,57
Item_11,Location_C,Monday,95
Item_11,Location_C,Tuesday,38
Item_11,Location_C,Wednesday,68
Item_11,Location_C,Thursday,29
Item_11,Location_C,Friday,89
Item_11,Location_C,Saturday,90
Item_11,Location_C,Sunday,93
Item_11,Location_D,Monday,85
Item_11,Location_D,Tuesday,11
Item_11,Location_D,Wednesday,97
Item_11,Location_D,Thursday,43
Item_11,Location_D,Friday,75
Item_11,Location_D,Saturday,18
Item_11,Location_D,Sunday,34
Item_12,Location_A,Monday,19
Item_12,Location_A,Tuesday,79
Item_12,Location_A,Wednesday,50
Item_12,Location_A,Thursday,69
Item_12,Location_A,Friday,26
Item_12,Location_A,Saturday,6
Item_12,Location_A,Sunday,29
Item_12,Location_B,Monday,24
Item_12,Location_B,Tuesday,57
Item_12,Location_B,Wednesday,37
Item_12,Location_B,Thursday,63
Item_12,Location_B,Friday,44
Item_12,Location_B,Saturday,44
Item_12,Location_B,Sunday,85
Item_12,Location_C,Monday,50
Item_12,Location_C,Tuesday,84
Item_12,Location_C,Wednesday,9
Item_12,Location_C,Thursday,9
Item_12,Location_C,Friday,56
Item_12,Location_C,Saturday,48
Item_12,Location_C,Sunday,33
Item_12,Location_D,Monday,47
Item_12,Location_D,Tuesday,93
Item_12,Location_D,Wednesday,84
Item_12,Location_D,Thursday,10
Item_12,Location_D,Friday,32
Item_12,Location_D,Saturday,20
Item_12,Location_D,Sunday,69
Item_13,Location_A,Monday,19
Item_13,Location_A,Tuesday,72
Item_13,Location_A,Wednesday,76
Item_13,Location_A,Thursday,15
Item_13,Location_A,Friday,46
Item_13,Location_A,Saturday,2
Item_13,Location_A,Sunday,87
Item_13,Location_B,Monday,8
Item_13,Location_B,Tuesday,85
Item_13,Location_B,Wednesday,56
Item_13,Location_B,Thursday,12
Item_13,Location_B,Friday,43
Item_13,Location_B,Saturday,42
Item_13,Location_B,Sunday,94
Item_13,Location_C,Monday,91
Item_13,Location_C,Tuesday,38
Item_13,Location_C,Wednesday,55
Item_13,Location_C,Thursday,15
Item_13,Location_C,Friday,55
Item_13,Location_C,Saturday,68
Item_13,Location_C,Sunday,0
Item_13,Location_D,Monday,90
Item_13,Location_D,Tuesday,26
Item_13,Location_D,Wednesday,80
Item_13,Location_D,Thursday,59
Item_13,Location_D,Friday,0
Item_13,Location_D,Saturday,34
Item_13,Location_D,Sunday,5
Item_14,Location_A,Monday,64
Item_14,Location_A,Tuesday,82
Item_14,Location_A,Wednesday,89
Item_14,Location_A,Thursday,63
Item_14,Location_A,Friday,50
Item_14,Location_A,Saturday,47
Item_14,Location_A,Sunday,40
Item_14,Location_B,Monday,34
Item_14,Location_B,Tuesday,54
Item_14,Location_B,Wednesday,57
Item_14,Location_B,Thursday,80
Item_14,Location_B,Friday,40
Item_14,Location_B,Saturday,90
Item_14,Location_B,Sunday,83
Item_14,Location_C,Monday,96
Item_14,Location_C,Tuesday,83
Item_14,Location_C,Wednesday,16
Item_14,Location_C,Thursday,24
Item_14,Location_C,Friday,6
Item_14,Location_C,Saturday,59
Item_14,Location_C,Sunday,18
Item_14,Location_D,Monday,91
Item_14,Location_D,Tuesday,56
Item_14,Location_D,Wednesday,40
Item_14,Location_D,Thursday,98
Item_14,Location_D,Friday,64
Item_14,Location_D,Saturday,29
Item_14,Location_D,Sunday,64
Item_15,Location_A,Monday,80
Item_15,Location_A,Tuesday,94
Item_15,Location_A,Wednesday,6
Item_15,Location_A,Thursday,68
Item_15,Location_A,Friday,41
Item_15,Location_A,Saturday,83
Item_15,Location_A,Sunday,55
Item_15,Location_B,Monday,24
Item_15,Location_B,Tuesday,78
Item_15,Location_B,Wednesday,89
Item_15,Location_B,Thursday,75
Item_15,Location_B,Friday,8
Item_15,Location_B,Saturday,26
Item_15,Location_B,Sunday,30
Item_15,Location_C,Monday,64
Item_15,Location_C,Tuesday,23
Item_15,Location_C,Wednesday,54
Item_15,Location_C,Thursday,50
Item_15,Location_C,Friday,46
Item_15,Location_C,Saturday,5
Item_15,Location_C,Sunday,4
Item_15,Location_D,Monday,80
Item_15,Location_D,Tuesday,44
Item_15,Location_D,Wednesday,36
Item_15,Location_D,Thursday,17
Item_15,Location_D,Friday,6
Item_15,Location_D,Saturday,63
Item_15,Location_D,Sunday,39
Item_16,Location_A,Monday,12
Item_16,Location_A,Tuesday,6
Item_16,Location_A,Wednesday,88
Item_16,Location_A,Thursday,46
Item_16,Location_A,Friday,21
Item_16,Location_A,Saturday,20
Item_16,Location_A,Sunday,40
Item_16,Location_B,Monday,88
Item_16,Location_B,Tuesday,85
Item_16,Location_B,Wednesday,81
Item_16,Location_B,Thursday,86
Item_16,Location_B,Friday,24
Item_16,Location_B,Saturday,38
Item_16,Location_B,Sunday,87
Item_16,Location_C,Monday,78
Item_16,Location_C,Tuesday,27
Item_16,Location_C,Wednesday,9
Item_16,Location_C,Thursday,51
Item_16,Location_C,Friday,21
Item_16,Location_C,Saturday,35
Item_16,Location_C,Sunday,6
Item_16,Location_D,Monday,32
Item_16,Location_D,Tuesday,3
Item_16,Location_D,Wednesday,4
Item_16,Location_D,Thursday,34
Item_16,Location_D,Friday,76
Item_16,Location_D,Saturday,37
Item_16,Location_D,Sunday,33
Item_17,Location_A,Monday,13
Item_17,Location_A,Tuesday,95
Item_17,Location_A,Wednesday,42
Item_17,Location_A,Thursday,86
Item_17,Location_A,Friday,14
Item_17,Location_A,Saturday,96
Item_17,Location_A,Sunday,17
Item_17,Location_B,Monday,62
Item_17,Location_B,Tuesday,31
Item_17,Location_B,Wednesday,46
Item_17,Location_B,Thursday,18
Item_17,Location_B,Friday,10
Item_17,Location_B,Saturday,37
Item_17,Location_B,Sunday,78
Item_17,Location_C,Monday,37
Item_17,Location_C,Tuesday,13
Item_17,Location_C,Wednesday,99
Item_17,Location_C,Thursday,27
Item_17,Location_C,Friday,68
Item_17,Location_C,Saturday,58
Item_17,Location_C,Sunday,5
Item_17,Location_D,Monday,89
Item_17,Location_D,Tuesday,87
Item_17,Location_D,Wednesday,17
Item_17,Location_D,Thursday,93
Item_17,Location_D,Friday,28
Item_17,Location_D,Saturday,14
Item_17,Location_D,Sunday,56
Item_18,Location_A,Monday,60
Item_18,Location_A,Tuesday,8
Item_18,Location_A,Wednesday,30
Item_18,Location_A,Thursday,99
Item_18,Location_A,Friday,70
Item_18,Location_A,Saturday,91
Item_18,Location_A,Sunday,68
Item_18,Location_B,Monday,99
Item_18,Location_B,Tuesday,15
Item_18,Location_B,Wednesday,70
Item_18,Location_B,Thursday,67
Item_18,Location_B,Friday,65
Item_18,Location_B,Saturday,52
Item_18,Location_B,Sunday,17
Item_18,Location_C,Monday,99
Item_18,Location_C,Tuesday,59
Item_18,Location_C,Wednesday,34
Item_18,Location_C,Thursday,56
Item_18,Location_C,Friday,97
Item_18,Location_C,Saturday,64
Item_18,Location_C,Sunday,75
Item_18,Location_D,Monday,75
Item_18,Location_D,Tuesday,67
Item_18,Location_D,Wednesday,43
Item_18,Location_D,Thursday,59
Item_18,Location_D,Friday,99
Item_18,Location_D,Saturday,58
Item_18,Location_D,Sunday,85
Item_19,Location_A,Monday,83
Item_19,Location_A,Tuesday,58
Item_19,Location_A,Wednesday,48
Item_19,Location_A,Thursday,25
Item_19,Location_A,Friday,13
Item_19,Location_A,Saturday,80
Item_19,Location_A,Sunday,98
Item_19,Location_B,Monday,82
Item_19,Location_B,Tuesday,58
Item_19,Location_B,Wednesday,80
Item_19,Location_B,Thursday,42
Item_19,Location_B,Friday,65
Item_19,Location_B,Saturday,9
Item_19,Location_B,Sunday,76
Item_19,Location_C,Monday,4
Item_19,Location_C,Tuesday,92
Item_19,Location_C,Wednesday,34
Item_19,Location_C,Thursday,90
Item_19,Location_C,Friday,47
Item_19,Location_C,Saturday,50
Item_19,Location_C,Sunday,89
Item_19,Location_D,Monday,77
Item_19,Location_D,Tuesday,37
Item_19,Location_D,Wednesday,12
Item_19,Location_D,Thursday,74
Item_19,Location_D,Friday,38
Item_19,Location_D,Saturday,5
Item_19,Location_D,Sunday,96
Item_20,Location_A,Monday,74
Item_20,Location_A,Tuesday,99
Item_20,Location_A,Wednesday,7
Item_20,Location_A,Thursday,32
Item_20,Location_A,Friday,8
Item_20,Location_A,Saturday,54
Item_20,Location_A,Sunday,58
Item_20,Location_B,Monday,44
Item_20,Location_B,Tuesday,32
Item_20,Location_B,Wednesday,47
Item_20,Location_B,Thursday,65
Item_20,Location_B,Friday,78
Item_20,Location_B,Saturday,42
Item_20,Location_B,Sunday,66
Item_20,Location_C,Monday,10
Item_20,Location_C,Tuesday,17
Item_20,Location_C,Wednesday,5
Item_20,Location_C,Thursday,86
Item_20,Location_C,Friday,48
Item_20,Location_C,Saturday,94
Item_20,Location_C,Sunday,26
Item_20,Location_D,Monday,28
Item_20,Location_D,Tuesday,45
Item_20,Location_D,Wednesday,38
Item_20,Location_D,Thursday,15
Item_20,Location_D,Friday,48
Item_20,Location_D,Saturday,89
Item_20,Location_D,Sunday,45
Item_21,Location_A,Monday,56
Item_21,Location_A,Tuesday,33
Item_21,Location_A,Wednesday,59
Item_21,Location_A,Thursday,1
Item_21,Location_A,Friday,91
Item_21,Location_A,Saturday,88
Item_21,Location_A,Sunday,63
Item_21,Location_B,Monday,93
Item_21,Location_B,Tuesday,9
Item_21,Location_B,Wednesday,67
Item_21,Location_B,Thursday,52
Item_21,Location_B,Friday,20
Item_21,Location_B,Saturday,19
Item_21,Location_B,Sunday,92
Item_21,Location_C,Monday,32
Item_21,Location_C,Tuesday,56
Item_21,Location_C,Wednesday,60
Item_21,Location_C,Thursday,40
Item_21,Location_C,Friday,31
Item_21,Location_C,Saturday,13
Item_21,Location_C,Sunday,18
Item_21,Location_D,Monday,12
Item_21,Location_D,Tuesday,18
Item_21,Location_D,Wednesday,76
Item_21,Location_D,Thursday,27
Item_21,Location_D,Friday,19
Item_21,Location_D,Saturday,71
Item_21,Location_D,Sunday,86
Item_22,Location_A,Monday,26
Item_22,Location_A,Tuesday,13
Item_22,Location_A,Wednesday,37
Item_22,Location_A,Thursday,57
Item_22,Location_A,Friday,27
Item_22,Location_A,Saturday,77
Item_22,Location_A,Sunday,24
Item_22,Location_B,Monday,97
Item_22,Location_B,Tuesday,23
Item_22,Location_B,Wednesday,99
Item_22,Location_B,Thursday,64
Item_22,Location_B,Friday,40
Item_22,Location_B,Saturday,7
Item_22,Location_B,Sunday,15
Item_22,Location_C,Monday,66
Item_22,Location_C,Tuesday,9
Item_22,Location_C,Wednesday,89
Item_22,Location_C,Thursday,64
Item_22,Location_C,Friday,47
Item_22,Location_C,Saturday,69
Item_22,Location_C,Sunday,5
Item_22,Location_D,Monday,18
Item_22,Location_D,Tuesday,33
Item_22,Location_D,Wednesday,14
Item_22,Location_D,Thursday,93
Item_22,Location_D,Friday,71
Item_22,Location_D,Saturday,16
Item_22,Location_D,Sunday,3
Item_23,Location_A,Monday,57
Item_23,Location_A,Tuesday,64
Item_23,Location_A,Wednesday,23
Item_23,Location_A,Thursday,17
Item_23,Location_A,Friday,42
Item_23,Location_A,Saturday,71
Item_23,Location_A,Sunday,87
Item_23,Location_B,Monday,79
Item_23,Location_B,Tuesday,73
Item_23,Location_B,Wednesday,92
Item_23,Location_B,Thursday,50
Item_23,Location_B,Friday,94
Item_23,Location_B,Saturday,65
Item_23,Location_B,Sunday,52
Item_23,Location_C,Monday,27
Item_23,Location_C,Tuesday,69
Item_23,Location_C,Wednesday,69
Item_23,Location_C,Thursday,69
Item_23,Location_C,Friday,51
Item_23,Location_C,Saturday,86
Item_23,Location_C,Sunday,66
Item_23,Location_D,Monday,30
Item_23,Location_D,Tuesday,38
Item_23,Location_D,Wednesday,89
Item_23,Location_D,Thursday,94
Item_23,Location_D,Friday,93
Item_23,Location_D,Saturday,26
Item_23,Location_D,Sunday,24
Item_24,Location_A,Monday,74
Item_24,Location_A,Tuesday,50
Item_24,Location_A,Wednesday,8
Item_24,Location_A,Thursday,54
Item_24,Location_A,Friday,73
Item_24,Location_A,Saturday,4
Item_24,Location_A,Sunday,3
Item_24,Location_B,Monday,72
Item_24,Location_B,Tuesday,1
Item_24,Location_B,Wednesday,37
Item_24,Location_B,Thursday,0
Item_24,Location_B,Friday,34
Item_24,Location_B,Saturday,66
Item_24,Location_B,Sunday,46
Item_24,Location_C,Monday,73
Item_24,Location_C,Tuesday,67
Item_24,Location_C,Wednesday,52
Item_24,Location_C,Thursday,35
Item_24,Location_C,Friday,65
Item_24,Location_C,Saturday,54
Item_24,Location_C,Sunday,63
Item_24,Location_D,Monday,14
Item_24,Location_D,Tuesday,76
Item_24,Location_D,Wednesday,47
Item_24,Location_D,Thursday,79
Item_24,Location_D,Friday,55
Item_24,Location_D,Saturday,18
Item_24,Location_D,Sunday,14
Item_25,Location_A,Monday,85
Item_25,Location_A,Tuesday,43
Item_25,Location_A,Wednesday,99
Item_25,Location_A,Thursday,56
Item_25,Location_A,Friday,89
Item_25,Location_A,Saturday,92
Item_25,Location_A,Sunday,98
Item_25,Location_B,Monday,20
Item_25,Location_B,Tuesday,5
Item_25,Location_B,Wednesday,47
Item_25,Location_B,Thursday,59
Item_25,Location_B,Friday,28
Item_25,Location_B,Saturday,36
Item_25,Location_B,Sunday,56
Item_25,Location_C,Monday,63
Item_25,Location_C,Tuesday,71
Item_25,Location_C,Wednesday,37
Item_25,Location_C,Thursday,41
Item_25,Location_C,Friday,96
Item_25,Location_C,Saturday,73
Item_25,Location_C,Sunday,63
Item_25,Location_D,Monday,84
Item_25,Location_D,Tuesday,48
Item_25,Location_D,Wednesday,47
Item_25,Location_D,Thursday,59
Item_25,Location_D,Friday,43
Item_25,Location_D,Saturday,58
Item_25,Location_D,Sunday,76
Item_26,Location_A,Monday,9
Item_26,Location_A,Tuesday,25
Item_26,Location_A,Wednesday,20
Item_26,Location_A,Thursday,93
Item_26,Location_A,Friday,84
Item_26,Location_A,Saturday,34
Item_26,Location_A,Sunday,13
Item_26,Location_B,Monday,67
Item_26,Location_B,Tuesday,62
Item_26,Location_B,Wednesday,38
Item_26,Location_B,Thursday,44
Item_26,Location_B,Friday,79
Item_26,Location_B,Saturday,60
Item_26,Location_B,Sunday,9
Item_26,Location_C,Monday,21
Item_26,Location_C,Tuesday,6
Item_26,Location_C,Wednesday,39
Item_26,Location_C,Thursday,63
Item_26,Location_C,Friday,43
Item_26,Location_C,Saturday,36
Item_26,Location_C,Sunday,49
Item_26,Location_D,Monday,28
Item_26,Location_D,Tuesday,2
Item_26,Location_D,Wednesday,20
Item_26,Location_D,Thursday,61
Item_26,Location_D,Friday,53
Item_26,Location_D,Saturday,85
Item_26,Location_D,Sunday,97
Item_27,Location_A,Monday,35
Item_27,Location_A,Tuesday,23
Item_27,Location_A,Wednesday,14
Item_27,Location_A,Thursday,94
Item_27,Location_A,Friday,27
Item_27,Location_A,Saturday,22
Item_27,Location_A,Sunday,42
Item_27,Location_B,Monday,4
Item_27,Location_B,Tuesday,71
Item_27,Location_B,Wednesday,25
Item_27,Location_B,Thursday,47
Item_27,Location_B,Friday,59
Item_27,Location_B,Saturday,82
Item_27,Location_B,Sunday,63
Item_27,Location_C,Monday,5
Item_27,Location_C,Tuesday,39
Item_27,Location_C,Wednesday,81
Item_27,Location_C,Thursday,22
Item_27,Location_C,Friday,93
Item_27,Location_C,Saturday,76
Item_27,Location_C,Sunday,95
Item_27,Location_D,Monday,94
Item_27,Location_D,Tuesday,25
Item_27,Location_D,Wednesday,69
Item_27,Location_D,Thursday,66
Item_27,Location_D,Friday,19
Item_27,Location_D,Saturday,6
Item_27,Location_D,Sunday,30
Item_28,Location_A,Monday,29
Item_28,Location_A,Tuesday,25
Item_28,Location_A,Wednesday,5
Item_28,Location_A,Thursday,1
Item_28,Location_A,Friday,18
Item_28,Location_A,Saturday,48
Item_28,Location_A,Sunday,58
Item_28,Location_B,Monday,40
Item_28,Location_B,Tuesday,93
Item_28,Location_B,Wednesday,44
Item_28,Location_B,Thursday,7
Item_28,Location_B,Friday,80
Item_28,Location_B,Saturday,31
Item_28,Location_B,Sunday,79
Item_28,Location_C,Monday,82
Item_28,Location_C,Tuesday,87
Item_28,Location_C,Wednesday,44
Item_28,Location_C,Thursday,6
Item_28,Location_C,Friday,10
Item_28,Location_C,Saturday,16
Item_28,Location_C,Sunday,46
Item_28,Location_D,Monday,23
Item_28,Location_D,Tuesday,48
Item_28,Location_D,Wednesday,19
Item_28,Location_D,Thursday,28
Item_28,Location_D,Friday,37
Item_28,Location_D,Saturday,18
Item_28,Location_D,Sunday,96
Item_29,Location_A,Monday,44
Item_29,Location_A,Tuesday,20
Item_29,Location_A,Wednesday,82
Item_29,Location_A,Thursday,0
Item_29,Location_A,Friday,78
Item_29,Location_A,Saturday,14
Item_29,Location_A,Sunday,36
Item_29,Location_B,Monday,19
Item_29,Location_B,Tuesday,23
Item_29,Location_B,Wednesday,14
Item_29,Location_B,Thursday,38
Item_29,Location_B,Friday,38
Item_29,Location_B,Saturday,98
Item_29,Location_B,Sunday,18
Item_29,Location_C,Monday,52
Item_29,Location_C,Tuesday,75
Item_29,Location_C,Wednesday,19
Item_29,Location_C,Thursday,47
Item_29,Location_C,Friday,81
Item_29,Location_C,Saturday,91
Item_29,Location_C,Sunday,64
Item_29,Location_D,Monday,86
Item_29,Location_D,Tuesday,12
Item_29,Location_D,Wednesday,12
Item_29,Location_D,Thursday,37
Item_29,Location_D,Friday,30
Item_29,Location_D,Saturday,62
Item_29,Location_D,Sunday,27
Item_30,Location_A,Monday,25
Item_30,Location_A,Tuesday,76
Item_30,Location_A,Wednesday,29
Item_30,Location_A,Thursday,17
Item_30,Location_A,Friday,27
Item_30,Location_A,Saturday,21
Item_30,Location_A,Sunday,22
Item_30,Location_B,Monday,88
Item_30,Location_B,Tuesday,12
Item_30,Location_B,Wednesday,61
Item_30,Location_B,Thursday,36
Item_30,Location_B,Friday,3
Item_30,Location_B,Saturday,88
Item_30,Location_B,Sunday,79
Item_30,Location_C,Monday,21
Item_30,Location_C,Tuesday,6
Item_30,Location_C,Wednesday,82
Item_30,Location_C,Thursday,18
Item_30,Location_C,Friday,45
Item_30,Location_C,Saturday,90
Item_30,Location_C,Sunday,12
Item_30,Location_D,Monday,47
Item_30,Location_D,Tuesday,80
Item_30,Location_D,Wednesday,82
Item_30,Location_D,Thursday,20
Item_30,Location_D,Friday,31
Item_30,Location_D,Saturday,48
Item_30,Location_D,Sunday,99
Item_31,Location_A,Monday,79
Item_31,Location_A,Tuesday,62
Item_31,Location_A,Wednesday,77
Item_31,Location_A,Thursday,24
Item_31,Location_A,Friday,19
Item_31,Location_A,Saturday,49
Item_31,Location_A,Sunday,79
Item_31,Location_B,Monday,10
Item_31,Location_B,Tuesday,4
Item_31,Location_B,Wednesday,89
Item_31,Location_B,Thursday,82
Item_31,Location_B,Friday,3
Item_31,Location_B,Saturday,1
Item_31,Location_B,Sunday,9
Item_31,Location_C,Monday,41
Item_31,Location_C,Tuesday,61
Item_31,Location_C,Wednesday,4
Item_31,Location_C,Thursday,28
Item_31,Location_C,Friday,15
Item_31,Location_C,Saturday,78
Item_31,Location_C,Sunday,21
Item_31,Location_D,Monday,87
Item_31,Location_D,Tuesday,49
Item_31,Location_D,Wednesday,34
Item_31,Location_D,Thursday,37
Item_31,Location_D,Friday,7
Item_31,Location_D,Saturday,58
Item_31,Location_D,Sunday,72
Item_32,Location_A,Monday,66
Item_32,Location_A,Tuesday,62
Item_32,Location_A,Wednesday,58
Item_32,Location_A,Thursday,54
Item_32,Location_A,Friday,28
Item_32,Location_A,Saturday,58
Item_32,Location_A,Sunday,49
Item_32,Location_B,Monday,43
Item_32,Location_B,Tuesday,27
Item_32,Location_B,Wednesday,49
Item_32,Location_B,Thursday,66
Item_32,Location_B,Friday,1
Item_32,Location_B,Saturday,41
Item_32,Location_B,Sunday,70
Item_32,Location_C,Monday,55
Item_32,Location_C,Tuesday,95
Item_32,Location_C,Wednesday,70
Item_32,Location_C,Thursday,38
Item_32,Location_C,Friday,96
Item_32,Location_C,Saturday,57
Item_32,Location_C,Sunday,6
Item_32,Location_D,Monday,52
Item_32,Location_D,Tuesday,43
Item_32,Location_D,Wednesday,13
Item_32,Location_D,Thursday,11
Item_32,Location_D,Friday,11
Item_32,Location_D,Saturday,58
Item_32,Location_D,Sunday,9
Item_33,Location_A,Monday,24
Item_33,Location_A,Tuesday,68
Item_33,Location_A,Wednesday,63
Item_33,Location_A,Thursday,37
Item_33,Location_A,Friday,20
Item_33,Location_A,Saturday,23
Item_33,Location_A,Sunday,88
Item_33,Location_B,Monday,37
Item_33,Location_B,Tuesday,83
Item_33,Location_B,Wednesday,30
Item_33,Location_B,Thursday,32
Item_33,Location_B,Friday,23
Item_33,Location_B,Saturday,51
Item_33,Location_B,Sunday,66
Item_33,Location_C,Monday,4
Item_33,Location_C,Tuesday,59
Item_33,Location_C,Wednesday,7
Item_33,Location_C,Thursday,50
Item_33,Location_C,Friday,21
Item_33,Location_C,Saturday,95
Item_33,Location_C,Sunday,12
Item_33,Location_D,Monday,84
Item_33,Location_D,Tuesday,96
Item_33,Location_D,Wednesday,53
Item_33,Location_D,Thursday,41
Item_33,Location_D,Friday,97
Item_33,Location_D,Saturday,38
Item_33,Location_D,Sunday,90
Item_34,Location_A,Monday,90
Item_34,Location_A,Tuesday,42
Item_34,Location_A,Wednesday,43
Item_34,Location_A,Thursday,32
Item_34,Location_A,Friday,64
Item_34,Location_A,Saturday,88
Item_34,Location_A,Sunday,79
Item_34,Location_B,Monday,53
Item_34,Location_B,Tuesday,93
Item_34,Location_B,Wednesday,7
Item_34,Location_B,Thursday,55
Item_34,Location_B,Friday,59
Item_34,Location_B,Saturday,3
Item_34,Location_B,Sunday,97
Item_34,Location_C,Monday,87
Item_34,Location_C,Tuesday,27
Item_34,Location_C,Wednesday,85
Item_34,Location_C,Thursday,94
Item_34,Location_C,Friday,40
Item_34,Location_C,Saturday,93
Item_34,Location_C,Sunday,22
Item_34,Location_D,Monday,71
Item_34,Location_D,Tuesday,55
Item_34,Location_D,Wednesday,85
Item_34,Location_D,Thursday,51
Item_34,Location_D,Friday,49
Item_34,Location_D,Saturday,29
Item_34,Location_D,Sunday,82
Item_35,Location_A,Monday,80
Item_35,Location_A,Tuesday,28
Item_35,Location_A,Wednesday,89
Item_35,Location_A,Thursday,68
Item_35,Location_A,Friday,70
Item_35,Location_A,Saturday,84
Item_35,Location_A,Sunday,51
Item_35,Location_B,Monday,89
Item_35,Location_B,Tuesday,76
Item_35,Location_B,Wednesday,24
Item_35,Location_B,Thursday,98
Item_35,Location_B,Friday,3
Item_35,Location_B,Saturday,28
Item_35,Location_B,Sunday,77
Item_35,Location_C,Monday,15
Item_35,Location_C,Tuesday,79
Item_35,Location_C,Wednesday,69
Item_35,Location_C,Thursday,2
Item_35,Location_C,Friday,8
Item_35,Location_C,Saturday,76
Item_35,Location_C,Sunday,59
Item_35,Location_D,Monday,32
Item_35,Location_D,Tuesday,11
Item_35,Location_D,Wednesday,83
Item_35,Location_D,Thursday,2
Item_35,Location_D,Friday,22
Item_35,Location_D,Saturday,86
Item_35,Location_D,Sunday,25
Item_36,Location_A,Monday,14
Item_36,Location_A,Tuesday,37
Item_36,Location_A,Wednesday,78
Item_36,Location_A,Thursday,63
Item_36,Location_A,Friday,3
Item_36,Location_A,Saturday,17
Item_36,Location_A,Sunday,12
Item_36,Location_B,Monday,20
Item_36,Location_B,Tuesday,70
Item_36,Location_B,Wednesday,69
Item_36,Location_B,Thursday,55
Item_36,Location_B,Friday,40
Item_36,Location_B,Saturday,20
Item_36,Location_B,Sunday,34
Item_36,Location_C,Monday,56
Item_36,Location_C,Tuesday,93
Item_36,Location_C,Wednesday,1
Item_36,Location_C,Thursday,96
Item_36,Location_C,Friday,58
Item_36,Location_C,Saturday,44
Item_36,Location_C,Sunday,75
Item_36,Location_D,Monday,67
Item_36,Location_D,Tuesday,67
Item_36,Location_D,Wednesday,75
Item_36,Location_D,Thursday,99
Item_36,Location_D,Friday,18
Item_36,Location_D,Saturday,35
Item_36,Location_D,Sunday,7
Item_37,Location_A,Monday,50
Item_37,Location_A,Tuesday,65
Item_37,Location_A,Wednesday,83
Item_37,Location_A,Thursday,60
Item_37,Location_A,Friday,11
Item_37,Location_A,Saturday,71
Item_37,Location_A,Sunday,37
Item_37,Location_B,Monday,85
Item_37,Location_B,Tuesday,89
Item_37,Location_B,Wednesday,95
Item_37,Location_B,Thursday,41
Item_37,Location_B,Friday,88
Item_37,Location_B,Saturday,32
Item_37,Location_B,Sunday,66
Item_37,Location_C,Monday,10
Item_37,Location_C,Tuesday,28
Item_37,Location_C,Wednesday,64
Item_37,Location_C,Thursday,4
Item_37,Location_C,Friday,24
Item_37,Location_C,Saturday,4
Item_37,Location_C,Sunday,85
Item_37,Location_D,Monday,79
Item_37,Location_D,Tuesday,36
Item_37,Location_D,Wednesday,89
Item_37,Location_D,Thursday,88
Item_37,Location_D,Friday,17
Item_37,Location_D,Saturday,1
Item_37,Location_D,Sunday,99
Item_38,Location_A,Monday,58
Item_38,Location_A,Tuesday,12
Item_38,Location_A,Wednesday,52
Item_38,Location_A,Thursday,40
Item_38,Location_A,Friday,21
Item_38,Location_A,Saturday,48
Item_38,Location_A,Sunday,2
Item_38,Location_B,Monday,58
Item_38,Location_B,Tuesday,75
Item_38,Location_B,Wednesday,45
Item_38,Location_B,Thursday,4
Item_38,Location_B,Friday,71
Item_38,Location_B,Saturday,1
Item_38,Location_B,Sunday,22
Item_38,Location_C,Monday,72
Item_38,Location_C,Tuesday,73
Item_38,Location_C,Wednesday,74
Item_38,Location_C,Thursday,2
Item_38,Location_C,Friday,33
Item_38,Location_C,Saturday,32
Item_38,Location_C,Sunday,83
Item_38,Location_D,Monday,85
Item_38,Location_D,Tuesday,88
Item_38,Location_D,Wednesday,98
Item_38,Location_D,Thursday,40
Item_38,Location_D,Friday,95
Item_38,Location_D,Saturday,38
Item_38,Location_D,Sunday,4
Item_39,Location_A,Monday,65
Item_39,Location_A,Tuesday,89
Item_39,Location_A,Wednesday,53
Item_39,Location_A,Thursday,16
Item_39,Location_A,Friday,48
Item_39,Location_A,Saturday,17
Item_39,Location_A,Sunday,91
Item_39,Location_B,Monday,62
Item_39,Location_B,Tuesday,40
Item_39,Location_B,Wednesday,92
Item_39,Location_B,Thursday,64
Item_39,Location_B,Friday,71
Item_39,Location_B,Saturday,25
Item_39,Location_B,Sunday,19
Item_39,Location_C,Monday,24
Item_39,Location_C,Tuesday,34
Item_39,Location_C,Wednesday,39
Item_39,Location_C,Thursday,79
Item_39,Location_C,Friday,7
Item_39,Location_C,Saturday,52
Item_39,Location_C,Sunday,94
Item_39,Location_D,Monday,58
Item_39,Location_D,Tuesday,32
Item_39,Location_D,Wednesday,66
Item_39,Location_D,Thursday,22
Item_39,Location_D,Friday,52
Item_39,Location_D,Saturday,80
Item_39,Location_D,Sunday,4
Item_40,Location_A,Monday,41
Item_40,Location_A,Tuesday,57
Item_40,Location_A,Wednesday,13
Item_40,Location_A,Thursday,73
Item_40,Location_A,Friday,58
Item_40,Location_A,Saturday,7
Item_40,Location_A,Sunday,66
Item_40,Location_B,Monday,37
Item_40,Location_B,Tuesday,49
Item_40,Location_B,Wednesday,19
Item_40,Location_B,Thursday,98
Item_40,Location_B,Friday,10
Item_40,Location_B,Saturday,30
Item_40,Location_B,Sunday,38
Item_40,Location_C,Monday,81
Item_40,Location_C,Tuesday,29
Item_40,Location_C,Wednesday,84
Item_40,Location_C,Thursday,47
Item_40,Location_C,Friday,58
Item_40,Location_C,Saturday,14
Item_40,Location_C,Sunday,68
Item_40,Location_D,Monday,85
Item_40,Location_D,Tuesday,52
Item_40,Location_D,Wednesday,86
Item_40,Location_D,Thursday,38
Item_40,Location_D,Friday,6
Item_40,Location_D,Saturday,3
Item_40,Location_D,Sunday,91
Item_41,Location_A,Monday,64
Item_41,Location_A,Tuesday,86
Item_41,Location_A,Wednesday,90
Item_41,Location_A,Thursday,37
Item_41,Location_A,Friday,42
Item_41,Location_A,Saturday,10
Item_41,Location_A,Sunday,9
Item_41,Location_B,Monday,77
Item_41,Location_B,Tuesday,85
Item_41,Location_B,Wednesday,77
Item_41,Location_B,Thursday,54
Item_41,Location_B,Friday,36
Item_41,Location_B,Saturday,93
Item_41,Location_B,Sunday,7
Item_41,Location_C,Monday,77
Item_41,Location_C,Tuesday,34
Item_41,Location_C,Wednesday,39
Item_41,Location_C,Thursday,77
Item_41,Location_C,Friday,66
Item_41,Location_C,Saturday,35
Item_41,Location_C,Sunday,86
Item_41,Location_D,Monday,48
Item_41,Location_D,Tuesday,77
Item_41,Location_D,Wednesday,20
Item_41,Location_D,Thursday,80
Item_41,Location_D,Friday,8
Item_41,Location_D,Saturday,99
Item_41,Location_D,Sunday,32
Item_42,Location_A,Monday,90
Item_42,Location_A,Tuesday,47
Item_42,Location_A,Wednesday,87
Item_42,Location_A,Thursday,67
Item_42,Location_A,Friday,44
Item_42,Location_A,Saturday,54
Item_42,Location_A,Sunday,32
Item_42,Location_B,Monday,35
Item_42,Location_B,Tuesday,24
Item_42,Location_B,Wednesday,39
Item_42,Location_B,Thursday,53
Item_42,Location_B,Friday,10
Item_42,Location_B,Saturday,85
Item_42,Location_B,Sunday,23
Item_42,Location_C,Monday,14
Item_42,Location_C,Tuesday,0
Item_42,Location_C,Wednesday,3
Item_42,Location_C,Thursday,78
Item_42,Location_C,Friday,46
Item_42,Location_C,Saturday,5
Item_42,Location_C,Sunday,56
Item_42,Location_D,Monday,34
Item_42,Location_D,Tuesday,25
Item_42,Location_D,Wednesday,19
Item_42,Location_D,Thursday,75
Item_42,Location_D,Friday,41
Item_42,Location_D,Saturday,2
Item_42,Location_D,Sunday,99
Item_43,Location_A,Monday,8
Item_43,Location_A,Tuesday,96
Item_43,Location_A,Wednesday,51
Item_43,Location_A,Thursday,99
Item_43,Location_A,Friday,77
Item_43,Location_A,Saturday,18
Item_43,Location_A,Sunday,26
Item_43,Location_B,Monday,43
Item_43,Location_B,Tuesday,68
Item_43,Location_B,Wednesday,96
Item_43,Location_B,Thursday,65
Item_43,Location_B,Friday,58
Item_43,Location_B,Saturday,54
Item_43,Location_B,Sunday,55
Item_43,Location_C,Monday,32
Item_43,Location_C,Tuesday,21
Item_43,Location_C,Wednesday,69
Item_43,Location_C,Thursday,33
Item_43,Location_C,Friday,94
Item_43,Location_C,Saturday,21
Item_43,Location_C,Sunday,51
Item_43,Location_D,Monday,85
Item_43,Location_D,Tuesday,71
Item_43,Location_D,Wednesday,88
Item_43,Location_D,Thursday,85
Item_43,Location_D,Friday,94
Item_43,Location_D,Saturday,76
Item_43,Location_D,Sunday,24
Item_44,Location_A,Monday,24
Item_44,Location_A,Tuesday,86
Item_44,Location_A,Wednesday,48
Item_44,Location_A,Thursday,58
Item_44,Location_A,Friday,67
Item_44,Location_A,Saturday,26
Item_44,Location_A,Sunday,71
Item_44,Location_B,Monday,60
Item_44,Location_B,Tuesday,93
Item_44,Location_B,Wednesday,48
Item_44,Location_B,Thursday,51
Item_44,Location_B,Friday,1
Item_44,Location_B,Saturday,11
Item_44,Location_B,Sunday,24
Item_44,Location_C,Monday,46
Item_44,Location_C,Tuesday,91
Item_44,Location_C,Wednesday,92
Item_44,Location_C,Thursday,15
Item_44,Location_C,Friday,88
Item_44,Location_C,Saturday,29
Item_44,Location_C,Sunday,61
Item_44,Location_D,Monday,76
Item_44,Location_D,Tuesday,60
Item_44,Location_D,Wednesday,90
Item_44,Location_D,Thursday,22
Item_44,Location_D,Friday,18
Item_44,Location_D,Saturday,98
Item_44,Location_D,Sunday,53
Item_45,Location_A,Monday,52
Item_45,Location_A,Tuesday,80
Item_45,Location_A,Wednesday,89
Item_45,Location_A,Thursday,69
Item_45,Location_A,Friday,43
Item_45,Location_A,Saturday,76
Item_45,Location_A,Sunday,10
Item_45,Location_B,Monday,51
Item_45,Location_B,Tuesday,4
Item_45,Location_B,Wednesday,21
Item_45,Location_B,Thursday,89
Item_45,Location_B,Friday,65
Item_45,Location_B,Saturday,83
Item_45,Location_B,Sunday,42
Item_45,Location_C,Monday,26
Item_45,Location_C,Tuesday,42
Item_45,Location_C,Wednesday,10
Item_45,Location_C,Thursday,78
Item_45,Location_C,Friday,21
Item_45,Location_C,Saturday,38
Item_45,Location_C,Sunday,39
Item_45,Location_D,Monday,74
Item_45,Location_D,Tuesday,42
Item_45,Location_D,Wednesday,76
Item_45,Location_D,Thursday,11
Item_45,Location_D,Friday,18
Item_45,Location_D,Saturday,92
Item_45,Location_D,Sunday,79
Item_46,Location_A,Monday,67
Item_46,Location_A,Tuesday,27
Item_46,Location_A,Wednesday,45
Item_46,Location_A,Thursday,10
Item_46,Location_A,Friday,26
Item_46,Location_A,Saturday,1
Item_46,Location_A,Sunday,2
Item_46,Location_B,Monday,30
Item_46,Location_B,Tuesday,81
Item_46,Location_B,Wednesday,62
Item_46,Location_B,Thursday,69
Item_46,Location_B,Friday,30
Item_46,Location_B,Saturday,91
Item_46,Location_B,Sunday,82
Item_46,Location_C,Monday,57
Item_46,Location_C,Tuesday,73
Item_46,Location_C,Wednesday,34
Item_46,Location_C,Thursday,40
Item_46,Location_C,Friday,10
Item_46,Location_C,Saturday,19
Item_46,Location_C,Sunday,57
Item_46,Location_D,Monday,15
Item_46,Location_D,Tuesday,55
Item_46,Location_D,Wednesday,40
Item_46,Location_D,Thursday,82
Item_46,Location_D,Friday,45
Item_46,Location_D,Saturday,97
Item_46,Location_D,Sunday,78
Item_47,Location_A,Monday,96
Item_47,Location_A,Tuesday,99
Item_47,Location_A,Wednesday,67
Item_47,Location_A,Thursday,5
Item_47,Location_A,Friday,56
Item_47,Location_A,Saturday,14
Item_47,Location_A,Sunday,76
Item_47,Location_B,Monday,34
Item_47,Location_B,Tuesday,87
Item_47,Location_B,Wednesday,33
Item_47,Location_B,Thursday,97
Item_47,Location_B,Friday,7
Item_47,Location_B,Saturday,97
Item_47,Location_B,Sunday,12
Item_47,Location_C,Monday,67
Item_47,Location_C,Tuesday,6
Item_47,Location_C,Wednesday,89
Item_47,Location_C,Thursday,83
Item_47,Location_C,Friday,79
Item_47,Location_C,Saturday,41
Item_47,Location_C,Sunday,29
Item_47,Location_D,Monday,91
Item_47,Location_D,Tuesday,60
Item_47,Location_D,Wednesday,13
Item_47,Location_D,Thursday,28
Item_47,Location_D,Friday,67
Item_47,Location_D,Saturday,7
Item_47,Location_D,Sunday,19
Item_48,Location_A,Monday,37
Item_48,Location_A,Tuesday,71
Item_48,Location_A,Wednesday,94
Item_48,Location_A,Thursday,58
Item_48,Location_A,Friday,75
Item_48,Location_A,Saturday,7
Item_48,Location_A,Sunday,21
Item_48,Location_B,Monday,58
Item_48,Location_B,Tuesday,3
Item_48,Location_B,Wednesday,91
Item_48,Location_B,Thursday,32
Item_48,Location_B,Friday,74
Item_48,Location_B,Saturday,57
Item_48,Location_B,Sunday,74
Item_48,Location_C,Monday,13
Item_48,Location_C,Tuesday,49
Item_48,Location_C,Wednesday,69
Item_48,Location_C,Thursday,66
Item_48,Location_C,Friday,83
Item_48,Location_C,Saturday,50
Item_48,Location_C,Sunday,2
Item_48,Location_D,Monday,19
Item_48,Location_D,Tuesday,48
Item_48,Location_D,Wednesday,20
Item_48,Location_D,Thursday,76
Item_48,Location_D,Friday,61
Item_48,Location_D,Saturday,26
Item_48,Location_D,Sunday,95
Item_49,Location_A,Monday,92
Item_49,Location_A,Tuesday,76
Item_49,Location_A,Wednesday,21
Item_49,Location_A,Thursday,22
Item_49,Location_A,Friday,40
Item_49,Location_A,Saturday,79
Item_49,Location_A,Sunday,92
Item_49,Location_B,Monday,54
Item_49,Location_B,Tuesday,70
Item_49,Location_B,Wednesday,64
Item_49,Location_B,Thursday,33
Item_49,Location_B,Friday,75
Item_49,Location_B,Saturday,37
Item_49,Location_B,Sunday,22
Item_49,Location_C,Monday,20
Item_49,Location_C,Tuesday,27
Item_49,Location_C,Wednesday,71
Item_49,Location_C,Thursday,27
Item_49,Location_C,Friday,35
Item_49,Location_C,Saturday,11
Item_49,Location_C,Sunday,6
Item_49,Location_D,Monday,85
Item_49,Location_D,Tuesday,11
Item_49,Location_D,Wednesday,45
Item_49,Location_D,Thursday,12
Item_49,Location_D,Friday,36
Item_49,Location_D,Saturday,26
Item_49,Location_D,Sunday,47
Item_50,Location_A,Monday,42
Item_50,Location_A,Tuesday,10
Item_50,Location_A,Wednesday,42
Item_50,Location_A,Thursday,32
Item_50,Location_A,Friday,81
Item_50,Location_A,Saturday,19
Item_50,Location_A,Sunday,87
Item_50,Location_B,Monday,23
Item_50,Location_B,Tuesday,83
Item_50,Location_B,Wednesday,86
Item_50,Location_B,Thursday,32
Item_50,Location_B,Friday,47
Item_50,Location_B,Saturday,9
Item_50,Location_B,Sunday,53
Item_50,Location_C,Monday,16
Item_50,Location_C,Tuesday,93
Item_50,Location_C,Wednesday,58
Item_50,Location_C,Thursday,7
Item_50,Location_C,Friday,19
Item_50,Location_C,Saturday,65
Item_50,Location_C,Sunday,41
Item_50,Location_D,Monday,97
Item_50,Location_D,Tuesday,37
Item_50,Location_D,Wednesday,11
Item_50,Location_D,Thursday,36
Item_50,Location_D,Friday,15
Item_50,Location_D,Saturday,72
Item_50,Location_D,Sunday,58
